kind,address,name,type,notes
func,1e16:001e,_astart,,"MSC 5.1 runtime, matches TD2 13a8:03f8 (0.99)"
func,1e16:00e4,_cinit,,"MSC 5.1 runtime, matches TD2 13a8:04be (1.00)"
func,1e16:01a8,exit,,"MSC 5.1 runtime, matches TD2 13a8:0582 (1.00)"
func,1e16:01bf,_exit,,"MSC 5.1 runtime, matches TD2 13a8:0599 (1.00)"
func,1e16:0206,_ctermsub,,"MSC 5.1 runtime, matches TD2 13a8:05e0 (1.00)"
func,1e16:0233,_initterm,,"MSC 5.1 runtime, matches TD2 13a8:060d (1.00)"
func,1e16:0246,_FF_MSGBANNER,,"MSC 5.1 runtime, matches TD2 13a8:0620 (1.00)"
func,1e16:0270,_chkstk,,"MSC 5.1 runtime, matches TD2 13a8:064a (1.00)"
func,1e16:0294,_nullcheck,,"MSC 5.1 runtime, matches TD2 13a8:066e (1.00)"
func,1e16:02ba,_setargv,,"MSC 5.1 runtime, matches TD2 13a8:0694 (1.00)"
func,1e16:04ba,_NMSG_TEXT,,"MSC 5.1 runtime, matches TD2 13a8:088c (1.00)"
func,1e16:04e5,_NMSG_WRITE,,"MSC 5.1 runtime, matches TD2 13a8:08b7 (1.00)"
func,1e16:0510,_myalloc,,"MSC 5.1 runtime, matches TD2 13a8:08e2 (1.00)"
func,1e16:0578,_dosmaperr,,"MSC 5.1 runtime, matches TD2 13a8:094a (1.00)"
func,1e16:05a6,flushall,,"MSC 5.1 runtime, matches TD2 13a8:0a3a (1.00)"
func,1e16:136e,lseek,,"MSC 5.1 runtime, matches TD2 13a8:225e (1.00)"
func,1e16:13e8,write,,"MSC 5.1 runtime, matches TD2 13a8:2558 (1.00)"
func,1e16:1512,stackavail,,"MSC 5.1 runtime, matches TD2 13a8:2682 (1.00)"
func,1e16:1526,free,,"MSC 5.1 runtime, matches TD2 13a8:2696 (1.00)"
func,1e16:1538,malloc,,"MSC 5.1 runtime, matches TD2 13a8:26a8 (0.97)"
func,1e16:17bc,_brkctl,,"MSC 5.1 runtime, matches TD2 13a8:2852 (1.00)"
func,1e16:1880,strcpy,,"MSC 5.1 runtime, matches TD2 13a8:2956 (1.00)"
func,1e16:18b2,strlen,,"MSC 5.1 runtime, matches TD2 13a8:29b4 (1.00)"
func,1e16:19d0,itoa,,"MSC 5.1 runtime, matches TD2 13a8:29d0 (1.00)"
func,1e16:1adc,isatty,,"MSC 5.1 runtime, matches TD2 13a8:2a18 (1.00)"
func,1e16:1c8e,sprintf,,"MSC 5.1 runtime, matches TD2 13a8:2a3c (1.00)"
func,1e16:2130,stricmp,,"MSC 5.1 runtime, matches TD2 13a8:2b40 (1.00)"
func,1e16:2240,memset,,"MSC 5.1 runtime, matches TD2 13a8:2b82 (1.00)"
func,1e16:2382,_dos_getdrive,,"MSC 5.1 runtime, matches TD2 13a8:2e2e (1.00)"
func,1e16:2488,_aFlmul,,"MSC 5.1 runtime, matches TD2 13a8:2ee8 (1.00)"
