start,image,end,size,far,insns,ncalls,ncallers,ints,sets_ds,strings
0000:0000,00000,0000:0082,130,0,58,1,1,,0,""
0000:0082,00082,0000:018b,265,0,109,5,1,,0,"            Recommended mode: # |                           STREET ROD:  Video Options  |                Use numeric key"
0000:018b,0018b,0000:01d1,70,0,30,1,1,,0,""
0000:01d1,001d1,0000:01f2,33,1,15,1,1,,0,""
0000:01f2,001f2,0000:0226,52,1,20,1,2,,0,""
0000:0226,00226,0000:0316,240,0,82,6,1,,0,"Tandy | TANDY"
0000:0316,00316,0000:04f4,478,0,146,5,1,,0,""
0000:04f4,004f4,0000:05c6,210,0,76,3,1,,0,""
0000:05c6,005c6,0000:0659,147,0,57,1,1,,0,""
0000:0659,00659,0000:066f,22,0,6,0,1,,0,""
0000:066f,0066f,0000:08b3,580,1,202,24,1,,0,"nomouse | demo | auto | nouemem"
0000:08b4,008b4,0000:09b7,259,1,92,3,1,,0,""
0000:09b7,009b7,0000:09cb,20,0,9,1,1,,0,""
0000:09cb,009cb,0000:0d58,909,1,324,8,1,,0,""
0000:0d58,00d58,0000:0d78,32,1,10,2,1,,0,""
0000:0d78,00d78,0000:0d99,33,1,7,1,7,,0,""
0000:0d99,00d99,0000:0dd8,63,1,22,2,5,,0,""
0000:0dd8,00dd8,0000:0e24,76,1,28,2,5,,0,""
0000:0e24,00e24,0000:0f0b,231,1,86,2,10,,0,""
0000:0f0b,00f0b,0000:0fb7,172,1,63,0,1,,0,""
0000:0fb7,00fb7,0000:0fea,51,1,17,2,1,,0,""
0000:0fea,00fea,0000:105b,113,1,41,5,15,,0,"Quit demo"
0000:105b,0105b,0000:1111,182,1,72,3,0,,0,"disk error | printer out of paper | hardware error"
0000:1111,01111,0000:12de,461,1,154,7,1,,0,""
0000:12de,012de,0000:1391,179,1,72,1,2,,0,""
0000:1391,01391,0000:1417,134,1,56,0,3,,0,""
0000:1417,01417,0000:1843,1068,1,373,11,19,,0,""
0000:1843,01843,0000:198a,327,1,120,0,1,,0,""
0000:198a,0198a,0000:19bc,50,1,20,1,1,,0,""
0000:19bc,019bc,0000:1a05,73,1,31,0,1,,0,""
0000:1a05,01a05,0000:1a7c,119,1,42,0,2,,0,""
0000:1a7c,01a7c,0000:1aad,49,1,18,0,0,,0,""
0000:1aad,01aad,0000:1b27,122,1,40,2,2,,0,""
0000:1b27,01b27,0000:1b91,106,1,32,2,3,,0,""
0000:1b91,01b91,0000:1bae,29,1,13,0,1,,0,""
0000:1bae,01bae,0000:1fe2,1076,1,326,3,1,,0,""
0000:1fe2,01fe2,0000:2374,914,0,330,3,0,,1,""
0000:2374,02374,0000:238c,24,1,9,0,4,,0,""
0000:238c,0238c,0000:2b9a,2062,0,712,7,0,,1,""
0000:2b9a,02b9a,0000:2bad,19,1,10,0,0,,0,""
0000:2bad,02bad,0000:2bc0,19,1,10,0,0,,0,""
0000:2bc0,02bc0,0000:2be2,34,1,17,0,0,10,0,""
0000:2be2,02be2,0000:2c04,34,1,17,0,0,10,0,""
0000:2c04,02c04,0000:2c2b,39,1,13,0,1,,0,""
0000:2c2b,02c2b,0000:2c42,23,1,7,0,1,,0,""
0000:2c42,02c42,0000:2db0,366,0,131,0,0,,1,""
0000:2db6,02db6,0000:2dc3,13,1,6,0,6,,0,""
0000:2dc3,02dc3,0000:2de2,31,1,14,0,1,21,1,""
0000:2de2,02de2,0000:2df4,18,1,9,0,1,21,1,""
0000:2df4,02df4,0000:2e93,159,1,80,0,5,,1,""
0000:2e93,02e93,0000:2fc8,309,1,110,0,1,,1,""
0000:2fc8,02fc8,0000:315b,403,1,148,9,0,,0,"What`is`the`color`of | the`car`key`on`page`%d? | What`is`the`color`of |     `the`car`icon`on`page`%d?  "
0000:315b,0315b,0000:32d0,373,1,129,6,1,,0,""
0000:32d0,032d0,0000:32f4,36,0,15,1,1,,0,""
0000:32f4,032f4,0000:3375,129,0,52,2,1,,0,""
0000:3375,03375,0000:339f,42,0,17,2,1,,0,""
0000:339f,0339f,0000:3613,628,1,236,10,1,,0,""
0000:3614,03614,0000:36a8,148,0,51,0,3,,0,""
0000:36a8,036a8,0000:36be,22,1,10,1,2,,0,""
0000:36be,036be,0000:36d6,24,0,9,2,1,,0,""
0000:36d6,036d6,0000:36e9,19,1,8,1,1,,0,""
0000:36e9,036e9,0000:3709,32,1,12,2,2,,0,"Not enough memory to run Street Rod !"
0000:3709,03709,0000:376b,98,1,37,3,7,,0,""
0000:376b,0376b,0000:3880,277,1,98,1,7,,0,""
0000:3880,03880,0000:3904,132,1,50,1,0,,0,""
0000:3904,03904,0000:3967,99,1,34,0,4,,0,""
0000:3967,03967,0000:39bf,88,1,39,0,1,,0,""
0000:39c0,039c0,0000:3a83,195,0,59,10,1,,0,""
0000:3a83,03a83,0000:3ab8,53,1,19,1,7,,0,""
0000:3ab8,03ab8,0000:3b0c,84,1,29,5,20,,0,""
0000:3b0c,03b0c,0000:3b33,39,0,15,1,1,,0,""
0000:3b33,03b33,0000:3c1b,232,0,82,8,1,,0,""
0000:3c1b,03c1b,0000:3c3e,35,0,14,0,3,,0,""
0000:3c3e,03c3e,0000:3c5a,28,0,11,0,2,,0,""
0000:3c5a,03c5a,0000:3c8d,51,1,21,0,3,,0,""
0000:3c8d,03c8d,0000:3fb1,804,0,270,12,1,35 37 38 39 3b 3d,0,"Change | Change | Will you take $%-d ?"
0000:3fb1,03fb1,0000:3fd4,35,0,14,0,2,,0,""
0000:3fd4,03fd4,0000:3ff0,28,0,11,0,1,,0,""
0000:3ff0,03ff0,0000:4036,70,0,29,1,3,,0,""
0000:4036,04036,0000:4386,848,0,306,3,3,,0,""
0000:4386,04386,0000:43bf,57,0,24,1,4,,0,""
0000:43bf,043bf,0000:442b,108,0,45,2,2,,0,""
0000:442b,0442b,0000:4940,1301,0,483,23,1,,0,"$%-3d ? | %d short."
0000:4940,04940,0000:49a2,98,0,39,4,0,,0,"How about $%-d ?"
0000:49a2,049a2,0000:49ed,75,1,25,0,5,,0,""
0000:49ed,049ed,0000:4fca,1501,0,485,17,1,36 37 38 3a 3b 3d,0,""
0000:4fca,04fca,0000:4ffa,48,1,20,3,1,,0,""
0000:4ffa,04ffa,0000:503f,69,1,24,3,2,,0,""
0000:503f,0503f,0000:542e,1007,0,310,34,1,,0,""
0000:542e,0542e,0000:5584,342,1,123,1,2,,0,""
0000:5584,05584,0000:56a9,293,0,117,1,1,,0,""
0000:56a9,056a9,0000:570c,99,0,29,3,2,,0,""
0000:570c,0570c,0000:5795,137,0,52,5,1,,0,""
0000:5795,05795,0000:57dc,71,0,34,1,2,,0,""
0000:57dc,057dc,0000:586e,146,0,66,2,2,,0,""
0000:586e,0586e,0000:590f,161,0,66,2,1,,0,""
0000:590f,0590f,0000:59f6,231,0,93,3,1,,0,""
0000:59f6,059f6,0000:5b4a,340,0,144,6,2,,0,":HOTROD | .SAV"
0000:5b4a,05b4a,0000:5eb3,873,0,342,19,1,,0,":HOTROD | .SAV"
0000:5eb3,05eb3,0000:5eea,55,0,25,0,1,,0,""
0000:5eea,05eea,0000:641e,1332,0,515,19,1,,0,":HOTROD | .SAV"
0000:641e,0641e,0000:6475,87,0,33,4,1,,0,""
0000:6476,06476,0000:64a3,45,1,17,1,5,,0,""
0000:64a3,064a3,0000:6529,134,1,55,3,2,,0,""
0000:6529,06529,0000:653c,19,1,9,1,3,,0,""
0000:653c,0653c,0000:65af,115,0,39,0,2,,0,""
0000:65af,065af,0000:6750,417,1,156,13,2,,0,""
0000:6750,06750,0000:67cf,127,1,60,3,1,,0,"%s %d, 1963"
0000:67cf,067cf,0000:6827,88,1,34,1,6,,0,""
0000:6827,06827,0000:6882,91,1,41,0,4,,0,""
0000:6882,06882,0000:68b3,49,0,21,1,1,,0,""
0000:68b3,068b3,0000:68e8,53,0,24,1,1,,0,""
0000:68e8,068e8,0000:6aa6,446,0,173,1,1,,0,""
0000:6aa6,06aa6,0000:6ad8,50,1,25,0,2,,0,"                                "
0000:6ad8,06ad8,0000:6b06,46,0,15,0,1,,0,""
0000:6b06,06b06,0000:6f6b,1125,0,409,23,1,,0,"1234567890"
0000:6f6b,06f6b,0000:711a,431,0,155,10,1,,0,""
0000:711a,0711a,0000:7367,589,0,202,12,1,,0,"Rebuild roof - $70 | Chop roof - $70 | Restore bumper - $15 | Strip bumper - $15"
0000:7367,07367,0000:76a7,832,0,296,16,1,,0,""
0000:76a7,076a7,0000:7741,154,0,62,0,4,,0,""
0000:7741,07741,0000:7789,72,0,29,1,4,,0,""
0000:7789,07789,0000:77b7,46,0,18,1,2,,0,""
0000:77b7,077b7,0000:7800,73,0,32,0,4,,0,""
0000:7800,07800,0000:78f1,241,0,94,7,1,,0,""
0000:78f1,078f1,0000:79eb,250,0,95,0,1,,0,""
0000:79eb,079eb,0000:7aa4,185,1,74,6,1,,0," %3i mph |  %2i gallons"
0000:7aa4,07aa4,0000:7ee6,1090,0,377,22,1,,0,""
0000:7ee6,07ee6,0000:7fb1,203,1,82,0,3,,0,""
0000:7fb1,07fb1,0000:81ab,506,0,178,10,1,,0,""
0000:81ab,081ab,0000:8d25,2938,0,976,27,2,,0,""
0000:8d26,08d26,0000:8d9c,118,1,39,3,3,,0,""
0000:8d9c,08d9c,0000:8e2d,145,1,54,1,3,,0,""
0000:8e2d,08e2d,0000:8ea8,123,1,42,5,2,,0,""
0000:8ea8,08ea8,0000:914b,675,1,206,11,1,,0,"Go ! |      | Cruising in town..."
0000:914c,0914c,0000:9256,266,0,85,4,1,,0,""
0000:9256,09256,0000:92a4,78,0,40,0,1,,0,""
0000:92a4,092a4,0000:9524,640,0,251,5,3,,0,""
0000:9524,09524,0000:9556,50,0,21,0,1,,0,""
0000:9556,09556,0000:95f1,155,0,58,0,4,,0,""
0000:95f1,095f1,0000:9646,85,0,30,1,2,,0,""
0000:9646,09646,0000:984e,520,0,170,1,1,,0,""
0000:984e,0984e,0000:98ba,108,0,38,2,2,,0,""
0000:98ba,098ba,0000:9a27,365,0,126,2,2,,0,""
0000:9a27,09a27,0000:9a83,92,0,36,3,3,,0,""
0000:9a83,09a83,0000:9af4,113,0,48,1,1,,0,""
0000:9af4,09af4,0000:9bc5,209,0,88,7,1,,0,""
0000:9bc5,09bc5,0000:9d6d,424,0,145,2,1,,0,""
0000:9d6d,09d6d,0000:a0f8,907,0,301,11,1,,0,""
0000:a0f8,0a0f8,0000:a265,365,0,133,0,1,,0,""
0000:a265,0a265,0000:a35c,247,0,95,9,1,,0,""
0000:a35c,0a35c,0000:a416,186,0,61,0,1,,0,""
0000:a416,0a416,0000:a544,302,0,108,7,2,,0,""
0000:a544,0a544,0000:ab8b,1607,0,560,19,1,,0,""
0000:ab8b,0ab8b,0000:b045,1210,1,394,26,1,,0,""
0000:b045,0b045,0000:b08c,71,0,26,0,1,,0,"Wanna quit ? | Back to the garage"
0000:b08c,0b08c,0000:b3c9,829,1,279,16,1,,0,""
0000:b3ca,0b3ca,0000:b425,91,0,41,0,2,,0,""
0000:b425,0b425,0000:b456,49,0,21,1,4,,0,""
0000:b456,0b456,0000:b49c,70,0,26,1,5,,0,""
0000:b49c,0b49c,0000:b4de,66,0,28,1,4,,0,""
0000:b4de,0b4de,0000:b525,71,0,29,3,1,,0,""
0000:b525,0b525,0000:b552,45,0,18,3,1,,0,""
0000:b552,0b552,0000:b59b,73,0,31,3,1,,0,""
0000:b59b,0b59b,0000:b617,124,0,50,3,1,,0,""
0000:b617,0b617,0000:b61b,4,0,2,1,1,,0,""
0000:b61b,0b61b,0000:b717,252,0,91,7,2,,0,""
0000:b717,0b717,0000:b8a1,394,0,146,10,1,,0,""
0000:b8a1,0b8a1,0000:bed4,1587,1,547,27,1,,0,""
0000:bed4,0bed4,0000:bf94,192,0,69,5,1,,0,""
0000:bf94,0bf94,0000:c1d8,580,0,208,5,1,,0,""
0000:c1d8,0c1d8,0000:c407,559,0,187,8,1,,0,""
0000:c407,0c407,0000:c497,144,1,51,2,1,35 3a 3b,0,""
0000:c497,0c497,0000:c52c,149,0,58,3,1,35 3d,0,"Your``winning``time %2.1f sec.,`avg. speed %2d mph | Congratulations ! | In %2.1f sec you covered only %2d%% | of the di"
0000:c52c,0c52c,0000:c5ac,128,0,51,4,1,,0,""
0000:c5ac,0c5ac,0000:c613,103,0,40,4,1,,0,""
0000:c613,0c613,0000:cdaf,1948,0,674,24,1,38 3b,0,"You have been fined $%2d for speeding | Damn.``It'll``cost $123 to``get``this``baby``running. | $123 for``parts``and``yo"
0000:cdaf,0cdaf,0000:cf5c,429,0,150,3,3,35 39 3b,0,""
0000:cf5c,0cf5c,0000:d031,213,0,70,2,1,,0,""
0000:d031,0d031,0000:d1de,429,0,145,8,1,,0,""
0000:d1de,0d1de,0000:d29d,191,0,75,0,3,,0,""
0000:d29d,0d29d,0000:d544,679,0,230,1,1,,0,""
0000:d544,0d544,0000:d624,224,1,83,0,2,,0,""
0000:d624,0d624,0000:d67d,89,0,27,3,1,,0,""
0000:d67d,0d67d,0000:d992,789,0,255,3,1,,0,""
0000:d992,0d992,0000:da25,147,0,60,5,1,35 39 3b,0,""
0000:da25,0da25,0000:dcbd,664,1,215,10,1,,0,""
0000:dcbe,0dcbe,0000:ddbc,254,1,101,0,3,38 3b,0,""
0000:e0e2,0e0e2,0000:e218,310,0,121,1,2,,0,""
0000:e218,0e218,0000:e4f5,733,0,272,0,4,38 39 3a 3b,0,""
0000:e56a,0e56a,0000:e584,26,1,6,0,1,,0,""
0000:e584,0e584,0000:e5c3,63,1,28,1,1,,0,""
0000:e5c3,0e5c3,0000:e5d1,14,1,6,0,1,11,0,""
0000:e5d2,0e5d2,0000:e60f,61,0,32,0,1,,0,""
0000:e610,0e610,0000:e62f,31,1,17,0,1,10,0,""
0000:e62f,0e62f,0e6c:0000,145,0,59,0,1,10,0,""
0e6c:0002,0e6c2,0e6c:00c1,191,1,86,0,0,,1,""
0e6c:00c1,0e781,0e6c:0175,180,1,82,0,0,,1,""
0e6c:0175,0e835,0e92:0000,235,0,99,0,0,,1,""
0e92:0006,0e926,0e92:00cf,201,1,91,0,1,,1,""
0f38:000a,0f38a,0f38:0098,142,0,55,0,2,,0,""
0f38:0098,0f418,0f38:0137,159,0,61,0,4,,0,""
0f38:0137,0f4b7,0f38:01d2,155,1,56,0,2,,0,""
0f38:01d2,0f552,0f38:02ae,220,1,84,2,1,,0,""
0f38:02ae,0f62e,0f38:0349,155,1,56,0,2,,0,""
0f38:0349,0f6c9,0f38:0425,220,1,86,2,1,,0,""
0f38:0425,0f7a5,0f38:05f2,461,1,186,4,1,,0,""
0f38:05f2,0f972,0f38:09f5,1027,0,12,0,1,38 39,0,""
0f38:0b2d,0fead,0f38:0b3f,18,1,6,1,0,,0,""
0f38:0b3f,0febf,0f38:0b51,18,1,6,1,0,,0,""
0f38:0b51,0fed1,0f38:0bf0,159,1,50,5,2,,0,""
0f38:0bf0,0ff70,0f38:0d62,370,1,125,7,1,,0,""
0f38:0d62,100e2,0f38:0dbd,91,1,32,6,1,,0,""
0f38:0dbd,1013d,0f38:0f53,406,1,140,3,4,,0,""
0f38:0f53,102d3,0f38:1094,321,1,107,2,1,,0,""
0f38:1094,10414,0f38:1130,156,1,51,3,1,,0,""
0f38:1130,104b0,0f38:12f7,455,1,165,5,1,,0,""
0f38:12f7,10677,0f38:14f2,507,1,179,5,1,,0,""
0f38:14f2,10872,0f38:1640,334,1,121,0,1,,0,""
0f38:1640,109c0,0f38:1680,64,1,27,0,5,,0,""
0f38:1680,10a00,0f38:177d,253,1,89,0,11,,0,""
0f38:177d,10afd,0f38:17c8,75,1,35,0,7,,0,""
0f38:17c8,10b48,0f38:17fc,52,1,24,0,6,,0,""
0f38:17fc,10b7c,0f38:180c,16,1,8,1,2,,0,""
0f38:180c,10b8c,0f38:181c,16,1,8,1,2,,0,""
0f38:181c,10b9c,0f38:182c,16,1,4,0,1,,0,""
0f38:182c,10bac,0f38:1859,45,1,19,0,1,,0,""
0f38:1859,10bd9,0f38:19ec,403,1,128,1,1,,1,""
0f38:19ec,10d6c,0f38:1a5f,115,1,41,1,3,,0,""
0f38:1a5f,10ddf,0f38:1abd,94,0,34,0,1,,0,""
0f38:1abd,10e3d,0f38:1dc9,780,0,255,8,2,,0,""
0f38:1dc9,11149,0f38:1e41,120,1,48,1,3,,0,""
0f38:1e41,111c1,0f38:1e72,49,1,19,1,1,,0,""
0f38:1e72,111f2,0f38:1e93,33,1,14,0,2,,0,""
0f38:1e93,11213,0f38:1f4b,184,1,69,2,1,,0,""
0f38:1f4b,112cb,0f38:1fa4,89,1,36,1,6,,0,""
0f38:1fa4,11324,0f38:2020,124,1,51,1,6,,0,""
0f38:2022,113a2,0f38:20a1,127,1,49,2,3,,0,""
0f38:20a1,11421,0f38:21c0,287,1,113,4,14,,0,""
0f38:21c0,11540,0f38:2213,83,1,31,2,10,,0,""
0f38:2213,11593,0f38:22e9,214,1,80,4,7,,0,""
0f38:22e9,11669,0f38:231a,49,1,19,1,1,,0,""
0f38:231a,1169a,0f38:239c,130,1,45,3,9,,0,""
0f38:239c,1171c,0f38:23ce,50,1,26,1,1,,0,""
0f38:23ce,1174e,0f38:2554,390,1,142,8,11,,0,""
0f38:2554,118d4,0f38:2638,228,1,83,5,12,,0,""
0f38:2638,119b8,0f38:2656,30,1,13,1,12,,0,""
0f38:2656,119d6,0f38:26a4,78,1,27,1,3,,0,""
0f38:26a4,11a24,0f38:26f2,78,1,26,2,1,,0,""
0f38:26f2,11a72,0f38:27ef,253,1,94,3,15,,0,""
0f38:27ef,11b6f,0f38:2853,100,1,36,1,2,,0,""
0f38:2853,11bd3,0f38:28a4,81,1,30,2,17,,0,""
0f38:28a4,11c24,0f38:2a62,446,1,173,7,2,,0,""
0f38:2a62,11de2,0f38:2adf,125,1,47,1,3,,0,""
0f38:2adf,11e5f,0f38:2b1c,61,1,20,2,4,,0,""
0f38:2b1c,11e9c,0f38:2b28,12,1,6,0,2,,0,""
0f38:2b28,11ea8,0f38:2d7e,598,1,213,10,1,,0,""
0f38:2d7e,120fe,0f38:2e8b,269,1,97,2,56,,0,""
0f38:2e8b,1220b,0f38:3073,488,1,167,2,2,,0,""
0f38:3074,123f4,0f38:31a5,305,1,105,5,2,,0,""
0f38:31a5,12525,0f38:32ce,297,1,105,6,1,,0,""
0f38:32ce,1264e,0f38:3404,310,1,115,5,2,,0,""
0f38:3404,12784,0f38:345b,87,1,33,4,1,,0,""
0f38:345b,127db,0f38:34fb,160,1,62,4,1,,0,""
0f38:34fb,1287b,0f38:351c,33,0,14,0,4,,0,""
0f38:351c,1289c,0f38:3589,109,0,42,0,2,,0,""
0f38:3589,12909,0f38:35e4,91,1,37,2,2,,0,""
0f38:35e4,12964,0f38:3697,179,1,70,2,3,,0,""
0f38:3697,12a17,0f38:37fc,357,1,125,6,2,,0,""
0f38:37fc,12b7c,0f38:3951,341,1,118,6,1,,0,""
0f38:3951,12cd1,0f38:3a58,263,0,96,4,1,,0,""
0f38:3a58,12dd8,0f38:3c19,449,1,160,7,2,,0,""
0f38:3c19,12f99,0f38:3d1c,259,1,87,5,1,,0,""
0f38:3d1c,1309c,0f38:3e35,281,1,101,4,2,,0,""
0f38:3e35,131b5,0f38:3f2d,248,1,92,3,1,,0,""
0f38:3f2d,132ad,0f38:404b,286,1,102,4,1,,0,""
0f38:404b,133cb,0f38:40ca,127,0,58,1,1,,0,""
0f38:40ca,1344a,0f38:4265,411,1,153,4,1,,0,""
0f38:4265,135e5,0f38:4301,156,1,74,0,2,,0,""
0f38:4302,13682,0f38:439c,154,1,61,0,10,,0,""
0f38:439c,1371c,0f38:43ff,99,1,37,0,4,,0,""
0f38:43ff,1377f,0f38:4432,51,1,21,1,6,,0,""
0f38:4432,137b2,0f38:45d7,421,1,171,3,1,,0,""
0f38:45d7,13957,0f38:465d,134,1,54,2,3,,0,""
0f38:465e,139de,0f38:4a66,1032,1,364,6,2,,0,""
0f38:4a66,13de6,0f38:4ba1,315,1,116,5,23,,0,""
0f38:4ba1,13f21,0f38:4bff,94,1,31,2,23,,0,""
0f38:4bff,13f7f,0f38:4c1a,27,1,10,0,1,,0,""
0f38:4c1a,13f9a,0f38:4d10,246,1,95,0,1,,0,""
0f38:4d10,14090,0f38:4dad,157,1,63,3,7,,0,""
0f38:4dad,1412d,0f38:4ec1,276,1,101,0,1,,0,""
0f38:4ec1,14241,0f38:4f14,83,1,33,4,4,,0,""
0f38:4f14,14294,0f38:4f4f,59,1,27,3,9,,0,""
0f38:4f4f,142cf,0f38:4fc1,114,1,44,4,8,,0,""
0f38:4fc1,14341,0f38:500e,77,0,32,1,1,,0,"(`new`) | (xx% worn)"
0f38:500e,1438e,0f38:590b,2301,1,883,10,2,,0,"(xx% worn)"
0f38:590b,14c8b,0f38:590f,4,1,2,0,8,,0,""
0f38:5910,14c90,0f38:5d37,1063,1,358,12,5,,0,""
0f38:5d37,150b7,0f38:5da7,112,1,46,3,0,,0,""
0f38:5da7,15127,0f38:5e1e,119,1,50,2,2,,0,""
0f38:5e1e,1519e,0f38:5e54,54,1,21,3,0,,0,""
0f38:5e54,151d4,0f38:5eb6,98,1,42,3,1,,0,""
0f38:5eb6,15236,0f38:6016,352,1,147,1,29,,0,""
0f38:6016,15396,0f38:6057,65,1,25,1,2,,0,""
0f38:6057,153d7,0f38:6089,50,0,18,0,5,,0,""
0f38:6089,15409,0f38:61ab,290,0,95,6,3,,0,""
0f38:61ab,1552b,0f38:62ba,271,1,97,5,2,,0,""
0f38:62ba,1563a,0f38:655e,676,0,238,13,3,,0,""
0f38:655e,158de,0f38:65ae,80,1,28,2,3,,0,""
0f38:65ae,1592e,0f38:67ff,593,1,202,9,3,,1,""
0f38:67ff,15b7f,0f38:683e,63,1,24,1,3,,0,""
0f38:683e,15bbe,0f38:6887,73,1,31,3,34,,0,""
0f38:6887,15c07,0f38:68ca,67,1,32,1,2,,0,""
0f38:68ca,15c4a,0f38:6915,75,1,37,1,4,,0,""
0f38:6915,15c95,0f38:6943,46,1,23,1,2,,0,""
0f38:6943,15cc3,0f38:6b79,566,1,203,6,1,,0,""
0f38:6b79,15ef9,0f38:6c3d,196,1,79,6,2,,0,"Can't open data file | Data disc read fail"
0f38:6c3d,15fbd,0f38:6ccf,146,1,58,5,5,,0,""
0f38:6ccf,1604f,0f38:6cec,29,0,14,0,1,,0,""
0f38:6cec,1606c,0f38:6d09,29,0,14,0,2,,0,""
0f38:6d09,16089,0f38:6dd2,201,1,77,7,1,,0,"?:hall_dat"
0f38:6dd2,16152,0f38:6f0a,312,1,115,9,1,,0,"?:hall_dat"
0f38:6f0a,1628a,0f38:6fbd,179,1,55,1,7,,0,""
0f38:6fbd,1633d,0f38:6fec,47,1,17,0,5,,0,""
0f38:7001,16381,0f38:703e,61,1,17,2,6,,0,""
0f38:703e,163be,0f38:70d5,151,1,59,1,1,,0,""
0f38:70d5,16455,0f38:7101,44,1,19,1,4,,0,""
0f38:7101,16481,0f38:7122,33,1,16,2,1,,0,""
0f38:7122,164a2,0f38:713d,27,1,13,1,7,,0,""
0f38:713d,164bd,0f38:714c,15,1,6,0,8,,0,""
0f38:714c,164cc,0f38:7169,29,0,12,2,3,,0,""
0f38:7169,164e9,0f38:71b2,73,0,32,2,2,,0,""
0f38:71b2,16532,0f38:71e4,50,0,26,1,1,,0,""
0f38:71e4,16564,0f38:7292,174,0,68,1,3,,0,""
0f38:7292,16612,0f38:7306,116,0,46,1,1,,0,""
0f38:7306,16686,0f38:737a,116,0,46,1,1,,0,""
0f38:737a,166fa,0f38:73ed,115,0,49,0,1,,0,""
0f38:73ed,1676d,0f38:7464,119,0,50,4,0,,0,""
0f38:7464,167e4,0f38:74b0,76,0,33,3,5,,0,""
0f38:74b0,16830,0f38:74fc,76,0,33,1,1,,0,""
0f38:74fc,1687c,0f38:7548,76,0,33,1,1,,0,""
0f38:7548,168c8,0f38:7573,43,1,19,1,1,,0,""
0f38:7573,168f3,0f38:75c3,80,1,35,2,1,,0,""
0f38:75c3,16943,0f38:7613,80,1,35,2,0,,0,""
0f38:7613,16993,0f38:7661,78,1,34,2,2,,0,""
0f38:7661,169e1,0f38:76af,78,1,34,2,1,,0,""
0f38:76af,16a2f,0f38:76da,43,1,19,1,0,,0,""
0f38:76da,16a5a,0f38:7728,78,1,35,2,2,,0,""
0f38:7728,16aa8,0f38:7741,25,1,9,0,3,,0,""
0f38:7741,16ac1,0f38:775a,25,1,9,0,1,,0,""
0f38:77ba,16b3a,0f38:77e1,39,1,18,3,1,,0,""
0f38:77e1,16b61,0f38:7817,54,1,23,4,2,,0,""
0f38:7817,16b97,0f38:7841,42,1,19,3,2,,0,""
0f38:7841,16bc1,0f38:7863,34,1,15,3,3,,0,""
0f38:7863,16be3,0f38:790f,172,1,74,7,1,,0,""
0f38:790f,16c8f,0f38:7973,100,1,45,4,1,,0,""
0f38:7973,16cf3,0f38:7999,38,1,17,3,4,,0,""
0f38:799a,16d1a,0f38:79d7,61,1,25,1,1,,0,""
0f38:79d7,16d57,0f38:7a14,61,1,26,1,3,,0,""
0f38:7a14,16d94,0f38:7a47,51,1,21,1,1,,0,""
0f38:7a47,16dc7,0f38:7b21,218,1,73,2,5,,0,""
0f38:7b22,16ea2,0f38:8126,1540,1,498,20,1,,0,""
0f38:8126,174a6,0f38:819a,116,0,49,1,1,,0,""
0f38:819a,1751a,0f38:8336,412,0,151,2,1,,0,""
0f38:8336,176b6,0f38:84be,392,0,150,4,1,,1,""
0f38:84be,1783e,0f38:872e,624,1,226,6,2,,1,""
0f38:872e,17aae,0f38:8866,312,0,110,4,1,,0,""
0f38:8866,17be6,0f38:8e48,1506,1,547,9,2,,0,""
0f38:8e48,181c8,0f38:975b,2323,1,800,23,8,,0,""
0f38:975b,18adb,0f38:985b,256,1,91,0,2,,0,""
0f38:985c,18bdc,0f38:990f,179,0,65,2,1,,0,""
0f38:990f,18c8f,0f38:99d9,202,0,77,4,1,,0,""
0f38:99d9,18d59,0f38:9e5d,1156,1,419,11,1,,0,""
0f38:9e5d,191dd,0f38:9ebb,94,1,36,1,1,,0,""
0f38:9ebc,1923c,0f38:9ee9,45,1,16,0,2,,0,""
0f38:9ee9,19269,0f38:9f1a,49,1,16,2,1,,0,""
0f38:9f1a,1929a,0f38:9f2c,18,1,8,0,1,,0,""
0f38:9f2c,192ac,0f38:9fce,162,1,58,0,3,,0,""
0f38:9fce,1934e,0f38:a054,134,1,49,2,27,,0,""
0f38:a054,193d4,0f38:a07e,42,1,15,0,12,,0,""
0f38:a07e,193fe,0f38:a09e,32,1,11,0,8,,0,""
0f38:a09e,1941e,0f38:a0b8,26,1,10,0,9,,0,""
0f38:a0b8,19438,0f38:a0fa,66,1,25,0,36,,0,""
0f38:a0fa,1947a,0f38:a198,158,1,63,0,4,,0,""
0f38:a198,19518,0f38:a1ee,86,1,35,1,2,,0,""
0f38:a1ee,1956e,0f38:a273,133,1,48,0,4,,0,""
0f38:a273,195f3,0f38:a4b9,582,1,190,1,5,,0,""
0f38:a4b9,19839,0f38:a5a5,236,1,101,0,3,,0,""
0f38:a5a5,19925,0f38:a65d,184,1,70,0,1,,0,""
0f38:a65d,199dd,0f38:a6ad,80,1,30,0,4,,0,""
0f38:a6ad,19a2d,0f38:a7ee,321,1,149,1,1,,0,""
0f38:a7ee,19b6e,0f38:a87e,144,1,66,2,1,,0,""
0f38:a87e,19bfe,0f38:aa37,441,1,167,7,0,,0,""
0f38:aa37,19db7,0f38:aac2,139,1,56,0,3,,0,""
0f38:aac2,19e42,0f38:ab50,142,1,54,0,3,,0,""
0f38:ab50,19ed0,0f38:abc2,114,1,45,1,10,,0,""
0f38:abc2,19f42,0f38:acbf,253,1,100,0,2,,1,""
0f38:acbf,1a03f,0f38:af50,657,1,231,2,11,,1,""
0f38:af50,1a2d0,0f38:b0f2,418,1,152,4,3,,1,""
0f38:b0f2,1a472,0f38:b31f,557,1,193,3,3,,1,""
0f38:b31f,1a69f,0f38:b360,65,1,26,0,1,,0,""
0f38:b360,1a6e0,0f38:b3b4,84,1,34,3,1,,0,""
0f38:b3b4,1a734,0f38:b41b,103,1,40,3,6,,0,""
0f38:b41b,1a79b,0f38:b502,231,1,82,1,1,,1,""
0f38:b502,1a882,0f38:b51e,28,1,11,1,2,,0,""
0f38:b51e,1a89e,0f38:b5aa,140,1,52,1,6,,0,""
0f38:b5aa,1a92a,0f38:b632,136,1,47,0,33,,0,""
0f38:b632,1a9b2,0f38:b82c,506,0,181,5,1,,0,""
0f38:b82c,1abac,0f38:be93,1639,0,576,11,1,,1,""
0f38:be93,1b213,0f38:cd8e,3835,0,1308,23,1,,1,""
1c11:000c,1c11c,1c11:003c,48,1,27,0,2,,1,""
1c11:003c,1c14c,1c11:00c4,136,1,61,0,1,,1,""
1c11:00c4,1c1d4,1c11:01a8,228,1,94,0,1,,1,""
1c11:01a8,1c2b8,1c11:01ba,18,1,11,0,1,,0,""
1c11:01ba,1c2ca,1c11:06f3,1337,1,440,2,0,,0,""
1c11:06f3,1c803,1c11:0dd7,1764,1,630,0,0,,0,""
1c11:0dd7,1cee7,1c11:0e30,89,1,36,1,0,,0,""
1c11:0e30,1cf40,1c11:0f4b,283,1,107,1,0,,0,""
1c11:0f4b,1d05b,1c11:0f70,37,1,16,1,0,,0,""
1c11:0f70,1d080,1c11:0f94,36,1,14,0,0,,0,""
1c11:0f94,1d0a4,1c11:0fb8,36,1,14,0,0,,0,""
1c11:0fb8,1d0c8,1c11:1085,205,0,76,1,1,,0,""
1c11:1085,1d195,1c11:1152,205,1,70,2,1,,0,""
1c11:1152,1d262,1c11:12b8,358,1,127,1,0,,0,""
1c11:12b8,1d3c8,1c11:1480,456,1,155,5,2,,0,""
1c11:1480,1d590,1c11:1573,243,0,96,0,1,,0,""
1c11:1573,1d683,1c11:1631,190,0,75,0,1,,0,""
1c11:1631,1d741,1c11:17b3,386,1,155,2,0,,1,""
1c11:17b4,1d8c4,1c11:1815,97,0,39,1,1,,0,""
1c11:1815,1d925,1c11:1c12,1021,1,384,8,0,,0,""
1c11:1c12,1dd22,1c11:1e99,647,1,183,2,0,,0,""
1c11:1e99,1dfa9,1c11:1ec1,40,0,19,0,3,,0,""
1c11:1ec2,1dfd2,1c11:1fee,300,1,114,1,0,,0,""
1c11:1fee,1e0fe,1c11:204e,96,1,48,1,0,,0,""
1c11:204e,1e15e,1e16:0000,2,0,1,0,1,,0,""
1e16:001e,1e17e,1e16:00e7,201,0,74,7,0,20 21,1,""
1e16:00e4,1e244,1e16:01a8,196,1,83,1,1,21,1,""
1e16:01a8,1e308,1e16:01bf,23,0,9,1,2,,0,""
1e16:01bf,1e31f,1e16:0206,71,0,26,3,0,21,0,""
1e16:0206,1e366,1e16:0233,45,0,18,0,1,21,1,""
1e16:0233,1e393,1e16:0246,19,0,9,0,3,,0,""
1e16:0246,1e3a6,1e16:0270,42,1,16,1,2,,0,""
1e16:0270,1e3d0,1e16:0294,36,1,19,0,1,,0,""
1e16:0294,1e3f4,1e16:02ba,38,1,17,2,1,,0,""
1e16:02ba,1e41a,1e16:044c,402,0,203,0,1,,1,""
1e16:044c,1e5ac,1e16:04ba,110,1,59,1,1,,1,""
1e16:04ba,1e61a,1e16:04e5,43,1,26,0,1,,0,""
1e16:04e5,1e645,1e16:0510,43,1,21,1,3,21,0,""
1e16:0510,1e670,1e16:0572,98,1,48,1,1,21,0,""
1e16:0572,1e6d2,1e16:0578,6,1,3,1,3,,0,""
1e16:0578,1e6d8,1e16:05a6,46,0,21,0,2,,0,""
1e16:05a6,1e706,1e16:05da,52,1,25,1,0,,0,""
1e16:05da,1e73a,1e16:0720,326,1,131,3,1,,0,""
1e16:0720,1e880,1e16:087d,349,1,134,4,6,,0,""
1e16:087e,1e9de,1e16:08ec,110,0,42,1,1,,0,""
1e16:08ec,1ea4c,1e16:0970,132,1,51,0,1,,0,""
1e16:0970,1ead0,1e16:0a0e,158,1,59,2,1,,0,""
1e16:0a0e,1eb6e,1e16:0a7e,112,1,48,1,2,,0,""
1e16:0a7e,1ebde,1e16:0da9,811,1,267,8,1,,0,""
1e16:0daa,1ef0a,1e16:0ee4,314,1,115,3,1,,0,""
1e16:0ee4,1f044,1e16:0fcf,235,1,87,2,1,,0,"(null)"
1e16:0fd0,1f130,1e16:108d,189,1,61,1,1,,0,""
1e16:108e,1f1ee,1e16:10cd,63,1,26,1,4,,0,""
1e16:10ce,1f22e,1e16:112e,96,1,40,1,2,,0,""
1e16:112e,1f28e,1e16:1198,106,1,44,1,3,,0,""
1e16:1198,1f2f8,1e16:1284,236,1,90,6,2,,0,""
1e16:1284,1f3e4,1e16:129c,24,1,10,1,1,,0,""
1e16:129c,1f3fc,1e16:12c6,42,1,17,1,1,,0,""
1e16:12c6,1f426,1e16:1345,127,1,54,0,1,,0,""
1e16:1346,1f4a6,1e16:136d,39,1,19,0,1,,0,"+- #"
1e16:136e,1f4ce,1e16:13e8,122,0,46,0,1,21,0,""
1e16:13e8,1f548,1e16:1490,168,0,75,2,3,21,0,""
1e16:1490,1f5f0,1e16:1512,130,0,61,0,1,21,0,""
1e16:1512,1f672,1e16:1526,20,1,12,0,1,,0,""
1e16:1526,1f686,1e16:1538,18,1,9,0,0,,0,""
1e16:1538,1f698,1e16:157e,70,1,33,2,2,,0,""
1e16:157e,1f6de,1e16:1593,21,1,10,0,2,,0,""
1e16:1593,1f6f3,1e16:15d2,63,1,27,3,1,,0,""
1e16:15d2,1f732,1e16:1640,110,0,46,1,1,,1,""
1e16:1640,1f7a0,1e16:165b,27,0,11,1,1,,1,""
1e16:165b,1f7bb,1e16:173e,227,0,106,2,2,,1,""
1e16:173e,1f89e,1e16:1778,58,0,29,1,1,,0,""
1e16:1778,1f8d8,1e16:179a,34,0,18,1,2,,0,""
1e16:179a,1f8fa,1e16:17bb,33,0,20,1,2,,1,""
1e16:17bc,1f91c,1e16:182a,110,1,53,1,2,21,0,""
1e16:182a,1f98a,1e16:1880,86,0,39,0,1,21,0,""
1e16:1880,1f9e0,1e16:18b2,50,1,26,0,2,,0,""
1e16:18b2,1fa12,1e16:18cd,27,1,15,0,6,,0,""
1e16:18ce,1fa2e,1e16:18f6,40,1,24,0,2,,0,""
1e16:18f6,1fa56,1e16:1930,58,1,32,0,1,,0,""
1e16:1930,1fa90,1e16:1933,3,0,1,0,4,,0,""
1e16:1934,1fa94,1e16:1937,3,0,1,0,1,,0,""
1e16:1938,1fa98,1e16:197c,68,1,37,2,1,,0,""
1e16:197c,1fadc,1e16:19d0,84,1,47,0,0,,0,""
1e16:19d0,1fb30,1e16:19eb,27,0,13,0,7,,0,""
1e16:19ec,1fb4c,1e16:19f6,10,0,6,0,1,,0,""
1e16:19f6,1fb56,1e16:1a6c,118,1,51,1,3,,0,""
1e16:1a6e,1fbce,1e16:1a78,10,0,6,0,1,,0,""
1e16:1a78,1fbd8,1e16:1adc,100,1,42,2,1,,0,""
1e16:1adc,1fc3c,1e16:1aff,35,1,15,0,2,,0,""
1e16:1b00,1fc60,1e16:1b17,23,1,12,0,0,,0,""
1e16:1b17,1fc77,1e16:1b2c,21,1,12,0,0,,0,""
1e16:1b2c,1fc8c,1e16:1b35,9,1,5,0,0,,0,""
1e16:1b35,1fc95,1e16:1b4b,22,1,12,0,0,,0,""
1e16:1b4b,1fcab,1e16:1b54,9,1,5,0,0,,0,""
1e16:1b54,1fcb4,1e16:1b6e,26,1,13,0,0,21,1,""
1e16:1b6e,1fcce,1e16:1b7e,16,1,8,0,2,21,0,""
1e16:1b82,1fce2,1e16:1b99,23,1,10,0,2,21,0,""
1e16:1b9a,1fcfa,1e16:1c1a,128,1,52,1,9,,0,""
1e16:1c1a,1fd7a,1e16:1c8d,115,1,48,5,1,,0,""
1e16:1c8e,1fdee,1e16:1ce8,90,1,39,2,8,,0,""
1e16:1ce8,1fe48,1e16:1d7e,150,1,64,1,2,,1,""
1e16:1d7e,1fede,1e16:1dc7,73,1,32,1,1,21,0,""
1e16:1dc8,1ff28,1e16:1de6,30,1,17,0,11,,1,""
1e16:1de6,1ff46,1e16:1dfb,21,1,10,0,1,,0,""
1e16:1dfc,1ff5c,1e16:1e4f,83,1,43,1,1,21,0,""
1e16:1e50,1ffb0,1e16:1e60,16,1,6,1,1,,0,""
1e16:1e60,1ffc0,1e16:1f1a,186,1,79,4,1,,0,""
1e16:1f1a,2007a,1e16:1fe4,202,1,79,0,1,,0,""
1e16:1fe4,20144,1e16:2106,290,1,122,3,1,,0,""
1e16:2106,20266,1e16:2130,42,1,24,0,2,,0,""
1e16:2130,20290,1e16:2172,66,1,34,0,1,,0,""
1e16:2172,202d2,1e16:21cc,90,1,45,0,2,,0,""
1e16:21cc,2032c,1e16:2214,72,1,39,0,3,,0,""
1e16:2214,20374,1e16:2240,44,1,23,0,1,,0,""
1e16:2240,203a0,1e16:22cd,141,1,75,0,1,,0,""
1e16:22ce,2042e,1e16:22dd,15,1,8,0,0,21,0,""
1e16:22de,2043e,1e16:22eb,13,0,6,0,2,21,0,""
1e16:22ec,2044c,1e16:22ef,3,1,2,0,1,11,0,""
1e16:22f0,20450,1e16:22fd,13,0,6,0,9,21,0,""
1e16:22fe,2045e,1e16:2305,7,0,4,0,0,,0,""
1e16:2305,20465,1e16:231e,25,0,11,0,2,21,0,""
1e16:231e,2047e,1e16:2330,18,1,10,0,1,21,0,""
1e16:2330,20490,1e16:2347,23,0,10,0,8,21,0,""
1e16:2348,204a8,1e16:234f,7,0,4,0,10,,0,""
1e16:234f,204af,1e16:236b,28,0,13,0,4,21,1,""
1e16:236c,204cc,1e16:2381,21,1,12,0,4,21,1,""
1e16:2382,204e2,1e16:2395,19,1,11,0,1,21,0,""
1e16:2396,204f6,1e16:23e3,77,1,28,0,1,21,1,""
1e16:23e3,20543,1e16:23eb,8,0,4,0,1,,0,""
1e16:23ec,2054c,1e16:2488,156,1,74,0,5,,0,""
1e16:2488,205e8,1e16:24bc,52,1,23,0,4,,0,""
1e16:24bc,2061c,1e16:255e,162,1,73,0,1,,0,""
1e16:255e,206be,1e16:2569,11,1,6,0,1,,0,""
1e16:256a,206ca,1e16:258e,36,1,14,1,1,,0,""
1e16:25e6,20746,1e16:26a9,195,0,73,4,1,35 37,0,""
1e16:26a9,20809,1e16:26e7,62,0,29,2,1,,0,""
1e16:26e7,20847,1e16:2722,59,0,24,3,1,,0,""
1e16:2722,20882,1e16:280c,234,0,90,5,1,35 37 39 3a 3d,0,""
1e16:2814,20974,1e16:2878,100,0,50,3,1,37,0,""
1e16:2878,209d8,1e16:288e,22,0,13,1,1,,0,""
1e16:288e,209ee,1e16:28d2,68,0,31,0,2,,0,""
1e16:28d2,20a32,1e16:28d5,3,0,1,1,1,,0,""
1e16:28d4,20a34,1e16:2931,93,0,29,1,1,,0,""
1e16:2931,20a91,1e16:294e,29,0,13,1,1,,0,""
1e16:294e,20aae,1e16:2962,20,0,12,1,4,,0,""
1e16:2962,20ac2,1e16:299b,57,0,26,1,3,,0,""
1e16:299b,20afb,1e16:29c7,44,0,19,1,1,,0,""
1e16:29c7,20b27,1e16:2a3a,115,0,44,0,5,,0,""
1e16:2a3a,20b9a,1e16:2b7f,325,0,166,1,1,34 35 37 39 3a 3c 3d,0,""
1e16:2cfb,20e5b,1e16:2d39,62,0,33,0,2,3a 3c,0,""
1e16:2d39,20e99,1e16:2d60,39,1,18,1,0,,0,""
1e16:2d60,20ec0,1e16:2d73,19,1,12,1,1,,0,""
1e16:2d73,20ed3,1e16:2da3,48,0,20,1,2,,0,""
1e16:2da3,20f03,1e16:2de9,70,1,37,1,3,,0,""
1e16:2de9,20f49,1e16:2e1c,51,1,32,0,5,35 3b 3d,0,""
1e16:2e1c,20f7c,1e16:2e72,86,1,43,0,0,,0,""
1e16:2e72,20fd2,1e16:2ec8,86,1,44,0,0,,0,""
1e16:2ec8,21028,1e16:2ef6,46,1,24,0,0,38 39 3d,0,""
1e16:2ef6,21056,1e16:2f4e,88,1,49,1,0,35 39 3d,1,""
1e16:2f4e,210ae,1e16:307d,303,1,130,4,2,,0,"e+000"
1e16:307e,211de,1e16:30a5,39,1,15,1,1,,0,""
1e16:30a6,21206,1e16:31a8,258,1,104,4,2,,0,""
1e16:31a8,21308,1e16:31cc,36,1,14,1,1,,0,""
1e16:31cc,2132c,1e16:3285,185,1,73,4,1,,0,""
1e16:3286,213e6,1e16:32d5,79,1,32,3,0,,0,""
1e16:32d6,21436,1e16:3300,42,1,20,2,2,,0,""
1e16:3310,21470,1e16:3316,6,0,2,0,0,,0,""
1e16:3316,21476,1e16:331b,5,0,2,0,0,,0,""
1e16:3320,21480,1e16:3349,41,0,19,1,0,35 39,0,""
1e16:3349,214a9,1e16:3367,30,0,12,1,0,39,0,""
1e16:3367,214c7,1e16:337a,19,0,11,1,0,39,0,""
1e16:337a,214da,1e16:3421,167,1,77,1,0,35 37 39 3d,0,"M4!4)4B4x"
1e16:34aa,2160a,1e16:34b9,15,1,7,0,0,,0,""
1e16:34b9,21619,1e16:34fb,66,0,14,0,2,35,0,""
1e16:34fb,2165b,1e16:3516,27,0,13,0,2,35,0,""
2196:0002,21962,2196:001d,27,1,14,0,5,,0,""
2196:001d,2197d,2196:009f,130,0,60,0,0,,0,""
21a0:0006,21a06,21a0:0014,14,1,8,0,1,,0,""
21a0:0014,21a14,21a0:00ab,151,1,76,0,2,,0,""
21a0:00ac,21aac,21a0:017c,208,0,78,1,1,,0,""
21a0:017c,21b7c,21a0:020b,143,0,59,0,2,,0,""
21a0:020b,21c0b,21a0:0358,333,1,119,3,1,,0,""
21a0:0358,21d58,21a0:04ab,339,1,123,2,0,,0,""
21a0:04ab,21eab,21a0:0677,460,1,158,5,2,,0,""
21a0:0677,22077,21a0:072c,181,0,76,0,1,,0,""
21a0:072c,2212c,21a0:07ac,128,0,53,0,1,,0,""
21a0:07ac,221ac,21a0:0951,421,1,147,2,0,,1,""
21a0:0952,22352,21a0:0964,18,1,11,0,1,,0,""
21a0:0964,22364,21a0:0a4f,235,1,84,2,0,,0,""
21a0:0a4f,2244f,21a0:0c09,442,1,165,0,0,,0,""
21a0:0c09,22609,21a0:0c26,29,1,12,1,0,,0,""
21a0:0c26,22626,21a0:0cf3,205,1,79,1,0,,0,""
21a0:0cf4,226f4,21a0:0d62,110,0,42,1,1,,0,""
21a0:0d62,22762,21a0:1127,965,1,348,9,0,,0,""
21a0:1128,22b28,21a0:113a,18,1,11,0,1,,0,""
21a0:113a,22b3a,21a0:1507,973,1,319,0,0,,0,""
21a0:1508,22f08,21a0:16dc,468,1,178,0,0,,0,""
21a0:16dc,230dc,21a0:1722,70,1,30,1,0,,0,""
21a0:1722,23122,21a0:182d,267,1,97,1,0,,0,""
21a0:182e,2322e,21a0:1862,52,1,26,0,3,,0,""
21a0:1862,23262,21a0:1ae9,647,1,224,3,0,,0,""
21a0:1ae9,234e9,21a0:1cd5,492,1,172,3,1,,0,""
21a0:1cd5,236d5,21a0:1e2d,344,1,125,1,1,,0,""
21a0:1e2d,2382d,21a0:1ea2,117,1,45,0,2,,0,""
21a0:1ea2,238a2,21a0:1f8d,235,0,93,0,1,,0,""
21a0:1f8d,2398d,21a0:223b,686,0,269,1,1,,0,""
21a0:223b,23c3b,21a0:23ba,383,1,135,1,0,,0,""
21a0:23bc,23dbc,21a0:252e,370,1,132,1,0,,1,"Never mind"
21a0:252e,23f2e,21a0:254d,31,0,15,0,1,,0,""
21a0:2568,23f68,21a0:25d9,113,0,47,1,1,,0,""
21a0:25d9,23fd9,21a0:28ec,787,1,298,10,0,,0,""
21a0:28ec,242ec,2460:0000,788,0,267,6,0,,0,""
2460:0002,24602,2462:0000,30,0,16,0,1,,0,""
2462:000e,2462e,2462:005a,76,0,30,0,2,,0,""
2462:005a,2467a,2462:0120,198,1,88,3,1,,1,""
2462:0120,24740,2462:01ab,139,1,67,2,1,,1,""
2462:01ab,247cb,2462:01f4,73,0,33,0,1,,0,""
2462:01f4,24814,2462:0229,53,0,27,0,2,,0,""
2462:0229,24849,2487:0000,39,0,20,0,2,,0,""
2487:000a,2487a,2487:022b,545,1,126,1,0,,0,""
2487:022b,24a9b,2487:0257,44,0,21,0,3,,0,""
2487:0257,24ac7,2487:0309,178,1,79,1,0,,0,""
2487:0309,24b79,24be:0000,103,0,50,1,0,,0,""
24be:0002,24be2,24be:00cb,201,1,87,0,1,,0,""
24be:00cb,24cab,24be:019f,212,0,79,0,1,,0,""
24d8:0004,24d84,24d8:0047,67,1,33,0,1,,1,""
24d8:0047,24dc7,24d8:00ef,168,0,67,0,1,,0,""
24e7:0008,24e78,24e7:008b,131,1,63,0,6,,1,""
24e7:008b,24efb,24f4:0000,69,0,33,0,4,,0,""
24f4:000a,24f4a,2595:0000,2566,0,55,0,3,,1,""
2595:0004,25954,2595:0547,1347,0,52,0,2,,1,""
2634:000a,2634a,2634:00c1,183,1,69,0,0,,1,""
2634:00c1,26401,2645:0000,79,0,43,0,3,,0,""
2645:0008,26458,2645:001d,21,1,9,0,4,,0,""
2645:001d,2646d,2645:0034,23,1,12,0,4,,0,""
2645:0034,26484,2645:00e7,179,1,84,1,0,,1,""
2645:00e7,26537,2645:014b,100,1,52,0,0,,1,""
2645:014b,2659b,2645:016a,31,0,15,0,1,,0,""
2645:016a,265ba,2645:017a,16,0,7,1,2,,0,""
2645:017a,265ca,2645:0293,281,0,93,0,1,,0,""
2645:0293,266e3,2645:03a8,277,0,92,0,1,,0,""
2645:03a8,267f8,2645:0539,401,0,135,0,1,,0,""
2645:0539,26989,2645:06ca,401,0,135,0,1,,0,""
2645:06ca,26b1a,2645:075d,147,0,52,0,1,,0,""
2645:075d,26bad,2645:07f2,149,0,53,0,1,,0,""
2645:07f2,26c42,2645:0885,147,0,52,0,1,,0,""
2645:0885,26cd5,2645:091a,149,0,53,0,1,,0,""
2645:091a,26d6a,2645:09f0,214,0,65,0,1,,0,""
2645:09f0,26e40,2645:0abb,203,0,63,0,1,,0,""
2645:0abb,26f0b,2645:0b91,214,0,65,0,1,,0,""
2645:0b91,26fe1,2645:0d48,439,1,143,12,3,,0,""
2645:0d48,27198,2645:171d,2517,1,766,2,1,,0,""
2645:171d,27b6d,2645:176f,82,1,28,0,3,,0,""
2645:176f,27bbf,2645:17b1,66,1,27,0,2,,0,""
2645:17b1,27c01,2645:17ed,60,1,24,0,3,,0,""
2645:17ed,27c3d,2645:1828,59,1,24,0,2,,0,""
2645:1828,27c78,2645:185d,53,1,21,0,2,,0,""
2645:185d,27cad,2645:18fb,158,1,41,2,1,,0,""
2645:18fb,27d4b,2645:1bcc,721,1,268,2,1,,0,""
2645:1bcc,2801c,2645:1e9e,722,1,267,2,1,,0,""
2645:1e9e,282ee,2645:1efc,94,1,36,4,2,,0,""
2645:1efc,2834c,2645:206b,367,1,120,1,2,,0,""
2645:206b,284bb,2645:2114,169,1,50,0,1,,0,""
2645:2114,28564,2645:2126,18,1,7,2,1,,0,""
2645:2126,28576,2645:213d,23,1,9,0,1,,0,""
2645:213d,2858d,2645:224d,272,1,85,3,1,,0,""
2645:224e,2869e,2645:2288,58,0,18,1,1,,0,""
2645:2288,286d8,2645:22fc,116,0,39,1,1,,0,""
2645:22fc,2874c,2645:2331,53,0,22,0,4,,0,""
2645:2331,28781,2645:2381,80,0,32,0,2,,0,""
2645:2381,287d1,2645:23f0,111,0,41,0,2,,0,""
2645:23f0,28840,2645:23f7,7,1,2,0,2,,0,""
2645:23f7,28847,2645:2410,25,0,5,0,2,,0,""
2645:2410,28860,2645:2429,25,1,5,0,5,,0,""
2645:2429,28879,2645:2982,1369,1,478,4,1,,0,""
2645:2982,28dd2,2645:2c0a,648,0,229,2,1,,0,""
2645:2c0a,2905a,2645:2cfc,242,1,99,0,3,,0,""
2645:2cfc,2914c,2645:2d20,36,0,17,0,3,,0,""
2645:2d20,29170,2645:2f2b,523,0,196,1,2,,0,""
2645:2f2b,2937b,2645:2f48,29,0,13,0,2,,0,""
2645:2f48,29398,2645:324d,773,1,275,2,1,,0,""
2645:324d,2969d,2645:34da,653,1,248,2,1,,0,""
2645:34da,2992a,2645:37af,725,0,280,1,2,,0,""
2645:37af,29bff,2645:39de,559,0,217,1,2,,0,""
2645:39de,29e2e,2645:3a0d,47,0,17,1,1,,0,""
2645:3a0d,29e5d,2645:3a3b,46,0,17,1,1,,0,""
2645:3a3b,29e8b,2645:3a57,28,0,12,3,1,,0,""
2645:3a57,29ea7,2645:3a86,47,0,17,1,1,,0,""
2645:3a86,29ed6,2645:3ab4,46,0,17,1,1,,0,""
2645:3ab4,29f04,2645:3abf,11,0,5,3,1,,0,""
2645:3abf,29f0f,2645:3aeb,44,1,18,3,2,,0,""
2645:3aeb,29f3b,2645:3b3a,79,0,28,1,3,,0,""
2645:3b3a,29f8a,2645:3b79,63,0,23,1,2,,0,""
2645:3b79,29fc9,2645:3ccc,339,0,126,2,2,,0,""
2645:3ccc,2a11c,2645:3dc3,247,0,99,5,2,,0,""
2645:3dc3,2a213,2645:3e3c,121,0,39,0,1,,0,""
2645:3e3c,2a28c,2645:3edb,159,0,59,0,1,,0,""
2645:3edb,2a32b,2645:3f8d,178,0,65,1,1,,0,""
2645:3f8d,2a3dd,2645:43fd,1136,0,391,8,2,,0,""
2645:43fd,2a84d,2645:4b8c,1935,0,700,11,1,,0,""
2645:4b8c,2afdc,2645:527a,1774,1,619,14,1,,0,""
2645:527a,2b6ca,2645:528b,17,1,6,2,1,,0,""
2645:528c,2b6dc,2645:52b7,43,0,20,0,2,,0,""
2645:52b7,2b707,2645:5407,336,0,126,3,3,,0,""
2645:5407,2b857,2645:55f8,497,1,173,3,0,,0,""
2645:55f8,2ba48,2645:5670,120,0,53,0,1,,0,""
2645:5670,2bac0,2645:5885,533,1,189,2,0,,1,""
2645:5885,2bcd5,2645:5a5b,470,1,167,2,0,,1,""
2beb:0224,2c0d4,2beb:0234,16,0,5,0,4,,0,""
2beb:0234,2c0e4,2beb:0647,1043,0,49,0,7,21,1,"                    2 - EGA      320 x 200 x 16 colors"
2beb:0ba7,2ca57,2beb:0bee,71,0,31,0,0,,0,""
2beb:0bf8,2caa8,2beb:0c12,26,0,12,0,0,,0,""
2beb:0c1c,2cacc,2beb:0d43,295,0,120,3,0,,1,""
2beb:0d43,2cbf3,2beb:0d98,85,0,38,0,2,,1,""
2beb:0d98,2cc48,2beb:0da2,10,0,3,0,1,,0,""
2beb:0da2,2cc52,2beb:0e7d,219,0,75,2,1,,0,""
2beb:0e7d,2cd2d,2beb:0e82,5,0,2,0,3,,0,""
2beb:0e82,2cd32,2beb:0e89,7,0,3,0,4,,0,""
2beb:0e89,2cd39,2beb:0e92,9,0,4,0,4,,0,""
2beb:0e92,2cd42,2beb:0e99,7,0,3,0,2,,0,""
2beb:0e99,2cd49,2beb:0efd,100,0,36,2,5,,0,""
2beb:0efd,2cdad,2beb:0f01,4,0,1,0,1,,0,""
2beb:0f01,2cdb1,2beb:0f14,19,0,9,0,3,,0,""
2beb:0f14,2cdc4,2beb:0f1c,8,0,3,0,1,,0,""
2beb:0f1c,2cdcc,2beb:1289,877,0,423,1,5,,0,""
2beb:1289,2d139,2beb:1a52,1993,0,857,4,1,,0,""
2beb:1a52,2d902,2beb:1b14,194,0,84,4,1,,0,""
2beb:1b14,2d9c4,2beb:1b77,99,0,38,3,1,,0,""
2beb:1b77,2da27,2beb:1bcd,86,0,34,2,2,,0,""
2beb:1bcd,2da7d,2beb:1bf4,39,0,18,0,1,,0,""
2beb:1bf4,2daa4,2beb:20ca,1238,0,500,7,4,,1,""
2beb:20ca,2df7a,2beb:20dc,18,0,7,1,1,,0,""
2beb:20dc,2df8c,2beb:20f4,24,0,10,0,2,,0,""
2beb:20f4,2dfa4,2beb:2134,64,0,27,2,1,,0,""
2beb:2134,2dfe4,2beb:21cc,152,0,66,2,1,,0,""
2beb:21cc,2e07c,2beb:21e5,25,0,13,0,4,,0,""
2beb:21e5,2e095,2beb:2244,95,0,48,0,2,,1,""
2beb:2244,2e0f4,2beb:22e1,157,0,75,7,4,,0,""
2beb:22e1,2e191,2beb:2310,47,0,16,3,1,,0,""
2beb:2310,2e1c0,2beb:237e,110,0,43,10,1,,0,""
2beb:237e,2e22e,2beb:23c6,72,0,26,5,1,,0,""
2beb:23c6,2e276,2beb:246c,166,0,72,8,1,,0,""
2beb:246c,2e31c,2beb:24a2,54,0,21,7,1,,0,""
2e3e:0000,2e3e0,2e3e:001c,28,0,14,0,0,,0,""
2e3e:0030,2e410,2e3e:0060,48,0,23,0,0,,0,""
2e3e:0060,2e440,2e3e:008f,47,0,24,0,0,,0,""
2e68:0000,2e680,2e6b:0000,48,0,24,0,0,,0,""
2e6b:0000,2e6b0,2e6b:012e,302,0,126,3,0,,0,""
2e6b:054d,2ebfd,2e6b:0576,41,0,17,0,1,,0,""
2e6b:0575,2ec25,2e6b:059d,40,0,16,0,1,,0,""
2e6b:059d,2ec4d,2e6b:05b6,25,0,9,0,1,,0,""
2f93:0000,2f930,2f93:002d,45,0,20,0,0,,0,""
2f93:002c,2f95c,2f93:0051,37,0,26,0,0,,0,""
2f93:0050,2f980,2f93:007d,45,0,25,0,0,,0,""
2f93:007c,2f9ac,2f93:00a1,37,0,21,0,0,,0,""
2f93:00a0,2f9d0,2f93:00b1,17,0,12,0,0,,0,""
2f93:00b0,2f9e0,2f93:00c1,17,0,10,0,0,,0,""
2f93:00c0,2f9f0,2f93:00ff,63,0,39,0,0,,0,""
2fa3:0000,2fa30,2fa6:0000,48,0,23,0,0,,0,""
