sr_start,sr_image,td1_name,td1_address,score,sr_insns,td1_insns
1e16:00e4,1e244,,0xb165,0.66,82,74
1e16:01a8,1e308,,0xb214,1.00,9,9
1e16:044c,1e5ac,,0xc467,0.85,59,57
1e16:04ba,1e61a,,0xbb1a,0.70,26,28
1e16:04e5,1e645,,0xbb4a,0.62,21,21
1e16:0510,1e670,,0xc666,0.56,48,29
1e16:0578,1e6d8,,0xb299,1.00,22,22
1e16:0a0e,1eb6e,,0xb2c7,0.60,48,46
1e16:0daa,1ef0a,,0xbe03,0.55,117,113
1e16:1538,1f698,,0xa730,0.96,33,33
1e16:165b,1f7bb,,0xaf67,0.95,106,105
1e16:173e,1f89e,,0xb048,1.00,29,29
1e16:1778,1f8d8,,0xb082,1.00,18,18
1e16:179a,1f8fa,,0xb0a4,0.60,20,20
1e16:17bc,1f91c,,0xc567,0.98,53,53
1e16:182a,1f98a,,0xc5d5,1.00,39,39
1e16:18ce,1fa2e,,0xaad8,0.95,24,24
1e16:19d0,1fb30,,0xbaff,1.00,13,13
1e16:1adc,1fc3c,,0xc644,0.50,15,15
